{
    "SVM (Linear)": {
        "accuracy": 0.5843520782396088,
        "precision": 0.5572916666666666,
        "recall": 0.5572916666666666,
        "f1_score": 0.5572916666666666,
        "roc_auc": 0.6234158986175116
    },
    "SVM (RBF)": {
        "accuracy": 0.6430317848410758,
        "precision": 0.6369047619047619,
        "recall": 0.5572916666666666,
        "f1_score": 0.5944444444444444,
        "roc_auc": 0.6995247695852533
    },
    "Ridge": {
        "accuracy": 0.5819070904645477,
        "precision": 0.5532994923857868,
        "recall": 0.5677083333333334,
        "f1_score": 0.5604113110539846,
        "roc_auc": 0.609687019969278
    },
    "Lasso": {
        "accuracy": 0.6430317848410758,
        "precision": 0.6223404255319149,
        "recall": 0.609375,
        "f1_score": 0.6157894736842106,
        "roc_auc": 0.6757272465437789
    }
}